<metadata xml:lang="en"><Esri><CreaDate>20180614</CreaDate><CreaTime>09202600</CreaTime><ArcGISFormat>1.0</ArcGISFormat><SyncOnce>FALSE</SyncOnce><DataProperties><itemProps><itemName Sync="TRUE">FinalRecommendations</itemName><imsContentType Sync="TRUE">002</imsContentType><itemSize Sync="TRUE">0.000</itemSize><itemLocation><linkage Sync="TRUE">file://\\pr-colbyh-rad01\Consultants\2_Staff\Richard Joss\BCNI\Final Recommendations\Shapefiles\OpenData\FinalRecommendations</linkage><protocol Sync="TRUE">Local Area Network</protocol></itemLocation></itemProps><coordRef><type Sync="TRUE">Projected</type><geogcsn Sync="TRUE">GCS_TM65</geogcsn><csUnits Sync="TRUE">Linear Unit: Meter (1.000000)</csUnits><projcsn Sync="TRUE">TM65_Irish_Grid</projcsn><peXml Sync="TRUE">&lt;ProjectedCoordinateSystem xsi:type='typens:ProjectedCoordinateSystem' xmlns:xsi='http://www.w3.org/2001/XMLSchema-instance' xmlns:xs='http://www.w3.org/2001/XMLSchema' xmlns:typens='http://www.esri.com/schemas/ArcGIS/10.5'&gt;&lt;WKT&gt;PROJCS[&amp;quot;TM65_Irish_Grid&amp;quot;,GEOGCS[&amp;quot;GCS_TM65&amp;quot;,DATUM[&amp;quot;D_TM65&amp;quot;,SPHEROID[&amp;quot;Airy_Modified&amp;quot;,6377340.189,299.3249646]],PRIMEM[&amp;quot;Greenwich&amp;quot;,0.0],UNIT[&amp;quot;Degree&amp;quot;,0.0174532925199433]],PROJECTION[&amp;quot;Transverse_Mercator&amp;quot;],PARAMETER[&amp;quot;False_Easting&amp;quot;,200000.0],PARAMETER[&amp;quot;False_Northing&amp;quot;,250000.0],PARAMETER[&amp;quot;Central_Meridian&amp;quot;,-8.0],PARAMETER[&amp;quot;Scale_Factor&amp;quot;,1.000035],PARAMETER[&amp;quot;Latitude_Of_Origin&amp;quot;,53.5],UNIT[&amp;quot;Meter&amp;quot;,1.0],AUTHORITY[&amp;quot;EPSG&amp;quot;,29902]]&lt;/WKT&gt;&lt;XOrigin&gt;-5422600&lt;/XOrigin&gt;&lt;YOrigin&gt;-15681100&lt;/YOrigin&gt;&lt;XYScale&gt;450301423.55198777&lt;/XYScale&gt;&lt;ZOrigin&gt;-100000&lt;/ZOrigin&gt;&lt;ZScale&gt;10000&lt;/ZScale&gt;&lt;MOrigin&gt;-100000&lt;/MOrigin&gt;&lt;MScale&gt;10000&lt;/MScale&gt;&lt;XYTolerance&gt;0.001&lt;/XYTolerance&gt;&lt;ZTolerance&gt;0.001&lt;/ZTolerance&gt;&lt;MTolerance&gt;0.001&lt;/MTolerance&gt;&lt;HighPrecision&gt;true&lt;/HighPrecision&gt;&lt;WKID&gt;29900&lt;/WKID&gt;&lt;LatestWKID&gt;29902&lt;/LatestWKID&gt;&lt;/ProjectedCoordinateSystem&gt;</peXml></coordRef><lineage><Process ToolSource="c:\program files (x86)\arcgis\desktop10.5\ArcToolbox\Toolboxes\Data Management Tools.tbx\Dissolve" Date="20180614" Time="092028">Dissolve FinalRec_draft1 "Z:\2_Staff\Richard Joss\BCNI\Final Recommendations\Shapefiles\Final_Recommendations_Dissolve2.shp" DIST_ID;DIST_NAME;DX_DEV;Percentage;DIST_NAME_1;Cnt_DIST_NAME;Sum_Number_of_ # MULTI_PART DISSOLVE_LINES</Process><Process ToolSource="c:\program files (x86)\arcgis\desktop10.5\ArcToolbox\Toolboxes\Conversion Tools.tbx\FeatureClassToFeatureClass" Date="20180824" Time="133900">FeatureClassToFeatureClass "Z:\2_Staff\Richard Joss\BCNI\Final Recommendations\Shapefiles\Final_Recommendations_Dissolve2.shp" "Z:\2_Staff\Richard Joss\BCNI\Final Recommendations\Final Recommendations.gdb" Final_Recommendations # "DIST_ID "DIST_ID" true true false 10 Long 0 10 ,First,#,Z:\2_Staff\Richard Joss\BCNI\Final Recommendations\Shapefiles\Final_Recommendations_Dissolve2.shp,DIST_ID,-1,-1;DIST_NAME "DIST_NAME" true true false 254 Text 0 0 ,First,#,Z:\2_Staff\Richard Joss\BCNI\Final Recommendations\Shapefiles\Final_Recommendations_Dissolve2.shp,DIST_NAME,-1,-1;DX_DEV "DX_DEV" true true false 19 Double 0 0 ,First,#,Z:\2_Staff\Richard Joss\BCNI\Final Recommendations\Shapefiles\Final_Recommendations_Dissolve2.shp,DX_DEV,-1,-1;Percentage "Percentage" true true false 19 Double 0 0 ,First,#,Z:\2_Staff\Richard Joss\BCNI\Final Recommendations\Shapefiles\Final_Recommendations_Dissolve2.shp,Percentage,-1,-1;Cnt_DIST_N "Cnt_DIST_N" true true false 10 Long 0 10 ,First,#,Z:\2_Staff\Richard Joss\BCNI\Final Recommendations\Shapefiles\Final_Recommendations_Dissolve2.shp,Cnt_DIST_N,-1,-1;Electorate "Electorate" true true false 19 Double 0 0 ,First,#,Z:\2_Staff\Richard Joss\BCNI\Final Recommendations\Shapefiles\Final_Recommendations_Dissolve2.shp,Sum_Number,-1,-1" #</Process><Process ToolSource="c:\program files (x86)\arcgis\desktop10.5\ArcToolbox\Toolboxes\Conversion Tools.tbx\FeatureClassToFeatureClass" Date="20180911" Time="112520">FeatureClassToFeatureClass "Z:\2_Staff\Richard Joss\BCNI\Final Recommendations\Final Recommendations.gdb\Final_Recommendations" "Z:\2_Staff\Richard Joss\BCNI\Final Recommendations\Shapefiles" FinalRecommendations.shp # "PC_Name "PC_Name" true true false 254 Text 0 0 ,First,#,Z:\2_Staff\Richard Joss\BCNI\Final Recommendations\Final Recommendations.gdb\Final_Recommendations,DIST_NAME,-1,-1;Deviation "Deviation" true true false 8 Double 0 0 ,First,#,Z:\2_Staff\Richard Joss\BCNI\Final Recommendations\Final Recommendations.gdb\Final_Recommendations,DX_DEV,-1,-1;Percentage "PercentageDev" true true false 8 Double 0 0 ,First,#,Z:\2_Staff\Richard Joss\BCNI\Final Recommendations\Final Recommendations.gdb\Final_Recommendations,Percentage,-1,-1;Electorate "Electorate" true true false 8 Double 0 0 ,First,#,Z:\2_Staff\Richard Joss\BCNI\Final Recommendations\Final Recommendations.gdb\Final_Recommendations,Electorate,-1,-1;Shape_Leng "Shape_Leng" false true true 8 Double 0 0 ,First,#,Z:\2_Staff\Richard Joss\BCNI\Final Recommendations\Final Recommendations.gdb\Final_Recommendations,Shape_Length,-1,-1;Shape_Area "Shape_Area" false true true 8 Double 0 0 ,First,#,Z:\2_Staff\Richard Joss\BCNI\Final Recommendations\Final Recommendations.gdb\Final_Recommendations,Shape_Area,-1,-1" #</Process></lineage><copyHistory><copy source="Z:\2_Staff\Richard Joss\BCNI\Final Recommendations\Shapefiles\FinalRecommendations" dest="\\pr-colbyh-rad01\Consultants\2_Staff\Richard Joss\BCNI\Final Recommendations\Shapefiles\OpenData\FinalRecommendations" date="20180911" time="11263400"></copy></copyHistory></DataProperties><SyncDate>20180911</SyncDate><SyncTime>11251300</SyncTime><ModDate>20180911</ModDate><ModTime>11251300</ModTime></Esri><dataIdInfo><envirDesc Sync="TRUE"> Version 6.2 (Build 9200) ; Esri ArcGIS 10.5.0.6491</envirDesc><dataLang><languageCode value="eng" Sync="TRUE"></languageCode><countryCode value="GBR" Sync="TRUE"></countryCode></dataLang><idCitation><resTitle Sync="TRUE">FinalRecommendations</resTitle><presForm><PresFormCd value="005" Sync="TRUE"></PresFormCd></presForm></idCitation><spatRpType><SpatRepTypCd value="001" Sync="TRUE"></SpatRepTypCd></spatRpType></dataIdInfo><mdLang><languageCode value="eng" Sync="TRUE"></languageCode><countryCode value="GBR" Sync="TRUE"></countryCode></mdLang><mdChar><CharSetCd value="004" Sync="TRUE"></CharSetCd></mdChar><distInfo><distFormat><formatName Sync="TRUE">Shapefile</formatName></distFormat><distTranOps><transSize Sync="TRUE">0.000</transSize></distTranOps></distInfo><mdHrLv><ScopeCd value="005" Sync="TRUE"></ScopeCd></mdHrLv><mdHrLvName Sync="TRUE">dataset</mdHrLvName><refSysInfo><RefSystem><refSysID><identCode code="29902" Sync="TRUE"></identCode><idCodeSpace Sync="TRUE">EPSG</idCodeSpace><idVersion Sync="TRUE">7.6.4(9.2.0)</idVersion></refSysID></RefSystem></refSysInfo><spatRepInfo><VectSpatRep><geometObjs Name="FinalRecommendations"><geoObjTyp><GeoObjTypCd value="002" Sync="TRUE"></GeoObjTypCd></geoObjTyp><geoObjCnt Sync="TRUE">0</geoObjCnt></geometObjs><topLvl><TopoLevCd value="001" Sync="TRUE"></TopoLevCd></topLvl></VectSpatRep></spatRepInfo><spdoinfo><ptvctinf><esriterm Name="FinalRecommendations"><efeatyp Sync="TRUE">Simple</efeatyp><efeageom code="4" Sync="TRUE"></efeageom><esritopo Sync="TRUE">FALSE</esritopo><efeacnt Sync="TRUE">0</efeacnt><spindex Sync="TRUE">FALSE</spindex><linrefer Sync="TRUE">TRUE</linrefer></esriterm></ptvctinf></spdoinfo><eainfo><detailed Name="FinalRecommendations"><enttyp><enttypl Sync="TRUE">FinalRecommendations</enttypl><enttypt Sync="TRUE">Feature Class</enttypt><enttypc Sync="TRUE">0</enttypc></enttyp><attr><attrlabl Sync="TRUE">FID</attrlabl><attalias Sync="TRUE">FID</attalias><attrtype Sync="TRUE">OID</attrtype><attwidth Sync="TRUE">4</attwidth><atprecis Sync="TRUE">0</atprecis><attscale Sync="TRUE">0</attscale><attrdef Sync="TRUE">Internal feature number.</attrdef><attrdefs Sync="TRUE">Esri</attrdefs><attrdomv><udom Sync="TRUE">Sequential unique whole numbers that are automatically generated.</udom></attrdomv></attr><attr><attrlabl Sync="TRUE">Shape</attrlabl><attalias Sync="TRUE">Shape</attalias><attrtype Sync="TRUE">Geometry</attrtype><attwidth Sync="TRUE">0</attwidth><atprecis Sync="TRUE">0</atprecis><attscale Sync="TRUE">0</attscale><attrdef Sync="TRUE">Feature geometry.</attrdef><attrdefs Sync="TRUE">Esri</attrdefs><attrdomv><udom Sync="TRUE">Coordinates defining the features.</udom></attrdomv></attr><attr><attrlabl Sync="TRUE">PC_Name</attrlabl><attalias Sync="TRUE">PC_Name</attalias><attrtype Sync="TRUE">String</attrtype><attwidth Sync="TRUE">254</attwidth><atprecis Sync="TRUE">0</atprecis><attscale Sync="TRUE">0</attscale></attr><attr><attrlabl Sync="TRUE">Deviation</attrlabl><attalias Sync="TRUE">Deviation</attalias><attrtype Sync="TRUE">Double</attrtype><attwidth Sync="TRUE">19</attwidth><atprecis Sync="TRUE">0</atprecis><attscale Sync="TRUE">0</attscale></attr><attr><attrlabl Sync="TRUE">Percentage</attrlabl><attalias Sync="TRUE">Percentage</attalias><attrtype Sync="TRUE">Double</attrtype><attwidth Sync="TRUE">19</attwidth><atprecis Sync="TRUE">0</atprecis><attscale Sync="TRUE">0</attscale></attr><attr><attrlabl Sync="TRUE">Electorate</attrlabl><attalias Sync="TRUE">Electorate</attalias><attrtype Sync="TRUE">Double</attrtype><attwidth Sync="TRUE">19</attwidth><atprecis Sync="TRUE">0</atprecis><attscale Sync="TRUE">0</attscale></attr><attr><attrlabl Sync="TRUE">Shape_Leng</attrlabl><attalias Sync="TRUE">Shape_Leng</attalias><attrtype Sync="TRUE">Double</attrtype><attwidth Sync="TRUE">19</attwidth><atprecis Sync="TRUE">0</atprecis><attscale Sync="TRUE">0</attscale></attr><attr><attrlabl Sync="TRUE">Shape_Area</attrlabl><attalias Sync="TRUE">Shape_Area</attalias><attrtype Sync="TRUE">Double</attrtype><attwidth Sync="TRUE">19</attwidth><atprecis Sync="TRUE">0</atprecis><attscale Sync="TRUE">0</attscale><attrdef Sync="TRUE">Area of feature in internal units squared.</attrdef><attrdefs Sync="TRUE">Esri</attrdefs><attrdomv><udom Sync="TRUE">Positive real numbers that are automatically generated.</udom></attrdomv></attr></detailed></eainfo><mdDateSt Sync="TRUE">20180911</mdDateSt></metadata>
